{"mean":[0.6337145543178766,0.00504237074461231,0.5062674000179787,0.006667114589262759,-0.2161958810307411,0.04266085638786408,0.3792925749216931,0.004210453058766568,0.5046822606788841,0.00747075147781599,-0.2125825537978547,0.043927210192271186,0.6883258451126246,0.008274922093149624,0.8367742104363061,0.013632153094152508,-0.32175001187737307,0.05287328457293399,0.3037984083171488,0.009475545331375335,0.8106282401095235,0.019750658625494272,-0.43701386859413965,0.06047816051030199,0.6327216512137745,0.015319498722078632,0.8834252457708419,0.04702892395300625,-0.6876623381380184,0.08562164888727775,0.3773810594078741,0.01730452000657275,0.7269358140261761,0.07014102611183809,-0.939082108826005,0.1046640960598683,0.24540105235484522,0.08166528282416564,0.25913032452638873,0.09843997711678822,-0.010405336133488022,0.005374195850082807,0.23624952960819048,0.0798185497813247,0.25609320861513907,0.10060162970303124,-0.014925503890487933,0.006917159103820602,0.23587738544556694,0.07967956398976297,0.26533017007873594,0.10279605508224232,-0.013802860987056355,0.006207163531481354,0.23800852521871924,0.0799682054327753,0.27218176466590477,0.10435600730211261,-0.012106886962128423,0.005498487279720482,0.2404556038012742,0.08042147050014317,0.27926075334301936,0.10606864855876717,-0.011641499164179071,0.00537207719350821,0.2897655056120213,0.09115046399338489,0.33497522539985336,0.1265619650358224,-0.012150434028788619,0.0068949437034096575,0.29716362488574743,0.0930714769877216,0.32560044353153583,0.12960127989652565,-0.01884851856791018,0.009347180674983734,0.29402433577601994,0.09204224805782873,0.34106393433931526,0.1328510250328701,-0.017822026138029676,0.008411478081720731,0.2895098666552396,0.09047948880981121,0.3525887922782541,0.13504537863967345,-0.016133122410752324,0.007508039826745115,0.28474722908907907,0.08907542072098538,0.3637416988150542,0.1375098754220153,-0.01565755051161409,0.0074245045468117445],"std":[0.10306556631879026,0.028640922681460044,0.08481458529714117,0.028285374415289343,0.12635397991177533,0.03285058271436112,0.0734077727938096,0.01698310766334274,0.08496476617102904,0.028647918967164298,0.13509334550184454,0.03491651540325088,0.1160924334917874,0.030004869865803245,0.14041858647828523,0.043473497363546776,0.20531522547885953,0.04544687806911681,0.07990728008017478,0.01744736185190811,0.1456229103255129,0.04556602524158135,0.20133141419940864,0.05128732125240526,0.11583857619869634,0.031731887136842635,0.2632862489688227,0.07428542479815507,0.36469351018158325,0.07869423916708945,0.09422062726719342,0.02312317505081253,0.24501811103947285,0.08510075312513679,0.3516219008978678,0.09681026489552509,0.2521282086685784,0.1120525214003271,0.26873367820267685,0.13414286933761196,0.01759466806460075,0.007945912637809825,0.24321167368812857,0.10905056466174677,0.27038854049742167,0.13713477607620073,0.020169465848759286,0.009311565473771172,0.24287552042517746,0.10898344553471206,0.27926622367469933,0.14031815155361765,0.018393329869776993,0.00826041730385533,0.24518713706455697,0.10965380109463933,0.285380629363945,0.14254311422519975,0.01635016288336685,0.007364840508649028,0.24778402889422818,0.11048680224639579,0.29118252417650353,0.14464770332357416,0.0159411109264993,0.00709174849653379,0.18963817930147664,0.0969497008586749,0.2241759041721072,0.13253088535159185,0.013481329875195706,0.007088872223094451,0.19594584356694228,0.09863389149287519,0.2263118569136892,0.1347583815323702,0.01799714754324026,0.009052585796150469,0.19372823480010795,0.09770571718836253,0.23487099573421444,0.13860041075757487,0.016672420467109962,0.008105907348523603,0.19098761731090894,0.09637812538083677,0.24092092713210184,0.14160342899829692,0.015660432279101792,0.007378901064363903,0.18852059837696292,0.09479659859300878,0.24645754159753064,0.14392677823253774,0.015771410487243523,0.0071652675841637715]}