{"mean":[0.6686198451330568,0.0005963731088646447,0.7270663583697881,0.001065147826858135,-0.18376726740167001,0.013961340294931696,0.362217232678345,0.0006782605124989084,0.7285951223546084,0.00157947616825458,-0.12329575392178,0.016193098158749634,0.7731294720783871,0.0021983534658207094,1.0215356730402014,0.005316474813472984,-0.34569433814577477,0.019018906461100993,0.21685773052700105,0.0016497089000167932,0.9997519663926785,0.0029249097186633687,-0.3414020539555408,0.03660805903844437,0.7201796954129317,0.006650704493256506,1.0704639979038897,0.009612225150524012,-0.6097465219681766,0.039592781446812796,0.2864668370381485,0.00934844215439252,0.9781795105126408,0.022517225893952456,-0.803097528302704,0.06709975702692908,0.26524680007384016,0.010865065772355596,0.2781912329790901,0.012836721804055094,-0.006380825297456719,0.0019881060307601127,0.2450583527803753,0.010936989293539083,0.26962168080768545,0.01504840653342628,-0.015973623452500214,0.0026145108527581068,0.25225357587415526,0.011510176448024443,0.26424315138966425,0.01359471444439575,-0.017119232763669417,0.0026596838970861904,0.24748566413510975,0.011236597131260153,0.2743706849925116,0.01578190254914446,-0.01895523216509627,0.0027512367244529232,0.24852924965903123,0.011068279111122271,0.2976380289275417,0.017241519420675526,-0.020228988155339973,0.0029903623614929748,0.2102495000606875,0.007151768675603319,0.2886757351655233,0.008591216364507367,-0.007908935892518251,0.0025090150745799506,0.23297630926713472,0.008410860105523325,0.27597221223466245,0.014136084736876296,-0.017110793987133176,0.003454811037678163,0.22905613969658659,0.008540029171002333,0.2778308576019611,0.012047463837793624,-0.02006200193715248,0.00350801682049126,0.23912193793128958,0.00818834478309651,0.2883332064556876,0.014496037796597227,-0.024129886775761375,0.0033693539406578934,0.23855016918899621,0.007252446009136206,0.317676348583695,0.016689708561103352,-0.024231694435472483,0.003097080212224496],"std":[0.015090035838828567,0.0007097830974060488,0.01122282018394213,0.0013222267031099489,0.09008616756559185,0.011992632050407702,0.020995454745181098,0.0013388235128143954,0.009509099918414296,0.0021712093047552834,0.11310231105163387,0.01364536680349447,0.06410990941413197,0.0034699989151576317,0.047739297979231085,0.008482097156433107,0.25170162900360954,0.015137396008140427,0.07448316060153654,0.002203379347831509,0.04142350617980167,0.0040093950724986145,0.32217907807852153,0.04319892735034613,0.12068044410720961,0.00801416993857437,0.3408593639997189,0.012462035779301928,0.39443466880484485,0.03255316777025703,0.08924930315282284,0.012358497225787558,0.29858535695464783,0.042982829317552915,0.478531609820795,0.08519639818797141,0.2834046275225197,0.027463537664227648,0.29408424574474173,0.03681052146223307,0.012503964160268635,0.003029109101144148,0.25987894020509505,0.028026966826597593,0.29002663903150516,0.034744362251098684,0.020805051898437687,0.004494865883984201,0.26807376020360324,0.028892691378070295,0.2883323486766388,0.03409991848505853,0.021406566108774932,0.004805489721503651,0.2623950325903538,0.028733779900860384,0.2991284183324874,0.03711927612676323,0.02338868349311608,0.005582822094960909,0.26304703365451815,0.028516226960860185,0.32636316172520946,0.04078322885995886,0.0251645014636111,0.0059045614503732665,0.21560315222120358,0.01008484189840876,0.28349925952788,0.015060019611635557,0.011028096569104463,0.0037445050509409936,0.22999481000579275,0.01241682548436159,0.2755929563485687,0.02337588661327051,0.02136332355543991,0.005477629666837131,0.22731289047034742,0.013313804855645046,0.2811492632079147,0.020349511763045867,0.024348047567665468,0.005474935333460025,0.23458994305917147,0.012859207088111942,0.29156791315542646,0.024014570742250545,0.028229407883316834,0.005493950562942033,0.2338201407722957,0.01184630932748228,0.3224061384782176,0.028227412346449505,0.028292432333865896,0.004714691638682408]}